Name,Sex,Age
Aaban,M,66
Aabha,F,55
Aabid,M,33
Aabriella,F,25
Aada,F,74
Aadam,M,62
Aadan,M,45
Aadarsh,M,52
Aaden,M,22
Aadesh,M,67
Aadhav,M,62
Aadhavan,M,64
Aadhi,M,45
Aadhira,F,69
Aadhvik,M,26
Aadhya,F,43
Aadhyan,M,67
Aadi,M,35
Aadian,M,60
Aadil,M,46
Aadin,M,37
Aadish,M,52
Aadison,F,34
Aadit,M,65
Aadith,M,40
Aadithya,M,30
Aaditri,F,34
Aaditya,M,39
Aadiv,M,27
Aadon,M,68
Aadrian,M,27
Aadrika,F,48
Aadrit,M,37
Aadvik,M,42
Aadvika,F,72
Aadya,F,49
Aadyn,M,72
Aafia,F,25
Aafreen,F,50
Aagam,M,23
Aage,M,69
Aagot,F,69
Aahaan,M,73
Aahan,M,30
Aahana,F,56
Aahil,M,64
Aahir,M,27
Aahliyah,F,40
Aahna,F,28
Aahron,M,31
Aaidan,M,73
Aaiden,M,72
Aaidyn,M,21
Aaila,F,52
Aailiyah,F,68
Aailyah,F,54
Aaima,F,37
Aaira,F,54
Aairah,F,62
Aaisha,F,62
Aaishah,F,60
Aaiyana,F,34
Aaiza,F,32
Aaja,F,67
Aajah,F,48
Aajaylah,F,47
Aajon,M,50
Aakanksha,F,35
Aakarsh,M,65
Aakash,M,70
Aakeem,M,42
Aakilah,F,66
Aakira,F,21
Aakiyah,F,59
Aakriti,F,71
Aala,F,31
Aalaiya,F,60
Aalaiyah,F,27
Aalana,F,54
Aalanah,F,61
Aalani,F,38
Aalap,M,54
Aalaya,F,37
Aalayah,F,75
Aalayiah,F,71
Aalayjah,F,26
Aalayna,F,28
Aalaysha,F,49
Aalaysia,F,30
Aalea,F,39
Aaleah,F,25
Aaleahya,F,49
Aaleena,F,54
Aaleeya,F,50
Aaleeyah,F,74
Aaleiah,F,57
Aaleigha,F,41
Aaleiyah,F,72
Aalena,F,29
Aalexis,F,64

